/* ROOMS*/
INSERT INTO ROOMS(ID, ROOM_NUMBER) VALUES(1, 'ROOM 1');
INSERT INTO ROOMS(ID, ROOM_NUMBER) VALUES(2, 'ROOM 2');
INSERT INTO ROOMS(ID, ROOM_NUMBER) VALUES(3, 'ROOM 3');

/*SEATS ROOM 1*/
INSERT INTO SEATS(ID, ROW_NR, SEAT_NR,  ROOM_ID) VALUES(1, 1, 1, 1);
INSERT INTO SEATS(ID, ROW_NR, SEAT_NR,  ROOM_ID) VALUES(2, 1, 2, 1);
INSERT INTO SEATS(ID, ROW_NR, SEAT_NR,  ROOM_ID) VALUES(3, 1, 3, 1);
INSERT INTO SEATS(ID, ROW_NR, SEAT_NR,  ROOM_ID) VALUES(4, 1, 4,  1);
INSERT INTO SEATS(ID, ROW_NR, SEAT_NR,  ROOM_ID) VALUES(5, 1, 5,  1);

INSERT INTO SEATS(ID, ROW_NR, SEAT_NR,  ROOM_ID) VALUES(6, 2, 1,  1);
INSERT INTO SEATS(ID, ROW_NR, SEAT_NR,  ROOM_ID) VALUES(7, 2, 2,  1);
INSERT INTO SEATS(ID, ROW_NR, SEAT_NR,  ROOM_ID) VALUES(8, 2, 3,  1);
INSERT INTO SEATS(ID, ROW_NR, SEAT_NR,  ROOM_ID) VALUES(9, 2, 4,  1);
INSERT INTO SEATS(ID, ROW_NR, SEAT_NR,  ROOM_ID) VALUES(10, 2, 5,  1);

INSERT INTO SEATS(ID, ROW_NR, SEAT_NR,  ROOM_ID) VALUES(11, 3, 1,  1);
INSERT INTO SEATS(ID, ROW_NR, SEAT_NR,  ROOM_ID) VALUES(12, 3, 2,  1);
INSERT INTO SEATS(ID, ROW_NR, SEAT_NR,  ROOM_ID) VALUES(13, 3, 3,  1);
INSERT INTO SEATS(ID, ROW_NR, SEAT_NR,  ROOM_ID) VALUES(14, 3, 4,  1);
INSERT INTO SEATS(ID, ROW_NR, SEAT_NR,  ROOM_ID) VALUES(15, 3, 5,  1);

/*SEATS ROOM 2*/
INSERT INTO SEATS(ID, ROW_NR, SEAT_NR,  ROOM_ID) VALUES(16, 1, 1,  2);
INSERT INTO SEATS(ID, ROW_NR, SEAT_NR,  ROOM_ID) VALUES(17, 1, 2,  2);
INSERT INTO SEATS(ID, ROW_NR, SEAT_NR,  ROOM_ID) VALUES(18, 1, 3,  2);
INSERT INTO SEATS(ID, ROW_NR, SEAT_NR,  ROOM_ID) VALUES(19, 1, 4,  2);
INSERT INTO SEATS(ID, ROW_NR, SEAT_NR,  ROOM_ID) VALUES(20, 1, 5,  2);

INSERT INTO SEATS(ID, ROW_NR, SEAT_NR,  ROOM_ID) VALUES(21, 2, 1,  2);
INSERT INTO SEATS(ID, ROW_NR, SEAT_NR,  ROOM_ID) VALUES(22, 2, 2,  2);
INSERT INTO SEATS(ID, ROW_NR, SEAT_NR,  ROOM_ID) VALUES(23, 2, 3,  2);
INSERT INTO SEATS(ID, ROW_NR, SEAT_NR,  ROOM_ID) VALUES(24, 2, 4,  2);
INSERT INTO SEATS(ID, ROW_NR, SEAT_NR,  ROOM_ID) VALUES(25, 2, 5,  2);

INSERT INTO SEATS(ID, ROW_NR, SEAT_NR,  ROOM_ID) VALUES(26, 3, 1,  2);
INSERT INTO SEATS(ID, ROW_NR, SEAT_NR,  ROOM_ID) VALUES(27, 3, 2,  2);
INSERT INTO SEATS(ID, ROW_NR, SEAT_NR,  ROOM_ID) VALUES(28, 3, 3,  2);
INSERT INTO SEATS(ID, ROW_NR, SEAT_NR,  ROOM_ID) VALUES(29, 3, 4,  2);
INSERT INTO SEATS(ID, ROW_NR, SEAT_NR,  ROOM_ID) VALUES(30, 3, 5,  2);

/*SEATS ROOM 3*/
INSERT INTO SEATS(ID, ROW_NR, SEAT_NR,  ROOM_ID) VALUES(31, 1, 1,  3);
INSERT INTO SEATS(ID, ROW_NR, SEAT_NR,  ROOM_ID) VALUES(32, 1, 2,  3);
INSERT INTO SEATS(ID, ROW_NR, SEAT_NR,  ROOM_ID) VALUES(33, 1, 3,  3);
INSERT INTO SEATS(ID, ROW_NR, SEAT_NR,  ROOM_ID) VALUES(34, 1, 4,  3);
INSERT INTO SEATS(ID, ROW_NR, SEAT_NR,  ROOM_ID) VALUES(35, 1, 5,  3);

INSERT INTO SEATS(ID, ROW_NR, SEAT_NR,  ROOM_ID) VALUES(36, 2, 1,  3);
INSERT INTO SEATS(ID, ROW_NR, SEAT_NR,  ROOM_ID) VALUES(37, 2, 2,  3);
INSERT INTO SEATS(ID, ROW_NR, SEAT_NR,  ROOM_ID) VALUES(38, 2, 3,  3);
INSERT INTO SEATS(ID, ROW_NR, SEAT_NR,  ROOM_ID) VALUES(39, 2, 4,  3);
INSERT INTO SEATS(ID, ROW_NR, SEAT_NR,  ROOM_ID) VALUES(40, 2, 5,  3);

INSERT INTO SEATS(ID, ROW_NR, SEAT_NR,  ROOM_ID) VALUES(41, 3, 1,  3);
INSERT INTO SEATS(ID, ROW_NR, SEAT_NR,  ROOM_ID) VALUES(42, 3, 2,  3);
INSERT INTO SEATS(ID, ROW_NR, SEAT_NR,  ROOM_ID) VALUES(43, 3, 3,  3);
INSERT INTO SEATS(ID, ROW_NR, SEAT_NR,  ROOM_ID) VALUES(44, 3, 4,  3);
INSERT INTO SEATS(ID, ROW_NR, SEAT_NR,  ROOM_ID) VALUES(45, 3, 5,  3);


/* MOVIE 1 */
INSERT INTO MOVIES(ID, TITLE) VALUES(1, 'Alien');
/* MOVIE 2 */
INSERT INTO MOVIES(ID, TITLE) VALUES(2, 'Godfather');
/* MOVIE 3 */
INSERT INTO MOVIES(ID, TITLE) VALUES(3, 'Terminator');

/* SCREENINGS 1*/
INSERT INTO SCREENINGS(ID, SCREENING_TIME, MOVIE_ID, ROOM_ID) VALUES (1, to_date('2020-04-04 17:00', 'YYYY-MM-DD HH24:MI'), 1, 1);
/* SCREENINGS 2*/
INSERT INTO SCREENINGS(ID, SCREENING_TIME, MOVIE_ID, ROOM_ID) VALUES (2, to_date('2020-04-04 20:00', 'YYYY-MM-DD HH24:MI'), 2, 2);
/* SCREENINGS 3*/
INSERT INTO SCREENINGS(ID, SCREENING_TIME, MOVIE_ID, ROOM_ID) VALUES (3, to_date('2020-04-04 19:30', 'YYYY-MM-DD HH24:MI'), 3, 1);
/* SCREENINGS 4*/
INSERT INTO SCREENINGS(ID, SCREENING_TIME, MOVIE_ID, ROOM_ID) VALUES (4, to_date('2020-04-05 17:30', 'YYYY-MM-DD HH24:MI'), 1, 1);
/* SCREENINGS 5*/
INSERT INTO SCREENINGS(ID, SCREENING_TIME, MOVIE_ID, ROOM_ID) VALUES (5, to_date('2020-04-05 20:30', 'YYYY-MM-DD HH24:MI'), 2, 2);
/* SCREENINGS 6*/
INSERT INTO SCREENINGS(ID, SCREENING_TIME, MOVIE_ID, ROOM_ID) VALUES (6, to_date('2020-04-05 17:00', 'YYYY-MM-DD HH24:MI'), 3, 3);
/* SCREENINGS 7*/
INSERT INTO SCREENINGS(ID, SCREENING_TIME, MOVIE_ID, ROOM_ID) VALUES (7, to_date('2020-04-05 19:30', 'YYYY-MM-DD HH24:MI'), 3, 3);


/* RESERVATION MOVIE 1 */
INSERT INTO RESERVATIONS(ID, USER_NAME, USER_SURNAME, RESERVATION_TIME, CONFIRMED, SCREENING_ID) VALUES(1, 'Jan', 'KOWALSKI', to_date('2020-03-30 11:00', 'YYYY-MM-DD HH24:MI'), 1, 1);
INSERT INTO RESERVATIONS(ID, USER_NAME, USER_SURNAME, RESERVATION_TIME, CONFIRMED, SCREENING_ID) VALUES(2, 'Tomasz', 'NOWAK', to_date('2020-03-30 15:00', 'YYYY-MM-DD HH24:MI'), 1, 1);

INSERT INTO TICKETS(ID, TICKET_TYPE, RESERVATION_ID, SCREENING_ID, SEAT_ID) VALUES(1, 0, 1, 1, 7);
INSERT INTO TICKETS(ID, TICKET_TYPE, RESERVATION_ID, SCREENING_ID, SEAT_ID) VALUES(2, 1, 1, 1, 8);
INSERT INTO TICKETS(ID, TICKET_TYPE, RESERVATION_ID, SCREENING_ID, SEAT_ID) VALUES(3, 2, 1, 1, 9);

INSERT INTO TICKETS(ID, TICKET_TYPE, RESERVATION_ID, SCREENING_ID, SEAT_ID) VALUES(4, 0, 2, 1, 5);
INSERT INTO TICKETS(ID, TICKET_TYPE, RESERVATION_ID, SCREENING_ID, SEAT_ID) VALUES(5, 2, 2, 1, 6);
